date,mentionCount,citationCount,allBrandMentions,promptResponseCount,avgVisibilityScore
7/7/2026,144,74,434,228,2.48
7/14/2026,167,82,529,268,2.43
7/15/2026,167,82,333,268,2.44
7/16/2026,167,82,333,268,2.51
7/17/2026,167,82,389,268,2.51
7/21/2026,190,90,442,308,2.46
7/28/2026,217,97,504,358,2.38
8/4/2026,244,105,569,404,2.34
8/11/2026,268,110,616,452,2.28
8/18/2026,293,116,670,502,2.22
8/25/2026,319,123,724,550,2.19
9/1/2026,341,130,758,590,2.17
9/3/2026,346,130,773,600,2.16
9/8/2026,367,137,809,640,2.14
9/15/2026,387,145,840,680,2.14
9/22/2026,406,152,864,720,2.12
9/29/2026,424,159,891,760,2.1
